division,year,qtr,index_po_not_seasonally_adjusted,index_po_seasonally_adjusted
DV_ENC,1991,1,100.00,100.00
DV_ENC,1991,2,101.33,100.52
DV_ENC,1991,3,102.02,101.25
DV_ENC,1991,4,102.66,102.28
DV_ENC,1992,1,103.74,103.76
DV_ENC,1992,2,105.48,104.64
DV_ENC,1992,3,106.47,105.66
DV_ENC,1992,4,107.41,107.02
DV_ENC,1993,1,107.76,107.82
DV_ENC,1993,2,110.04,109.13
DV_ENC,1993,3,111.53,110.65
DV_ENC,1993,4,112.43,112.06
DV_ENC,1994,1,113.53,113.61
DV_ENC,1994,2,116.00,115.01
DV_ENC,1994,3,117.10,116.15
DV_ENC,1994,4,117.88,117.53
DV_ENC,1995,1,118.90,118.99
DV_ENC,1995,2,121.27,120.22
DV_ENC,1995,3,122.98,121.94
DV_ENC,1995,4,123.64,123.32
DV_ENC,1996,1,124.80,124.90
DV_ENC,1996,2,127.69,126.57
DV_ENC,1996,3,128.74,127.65
DV_ENC,1996,4,129.10,128.78
DV_ENC,1997,1,129.66,129.75
DV_ENC,1997,2,132.05,130.91
DV_ENC,1997,3,133.19,132.02
DV_ENC,1997,4,133.44,133.14
DV_ENC,1998,1,134.51,134.60
DV_ENC,1998,2,137.10,135.93
DV_ENC,1998,3,138.74,137.48
DV_ENC,1998,4,139.92,139.62
DV_ENC,1999,1,141.27,141.37
DV_ENC,1999,2,144.34,143.13
DV_ENC,1999,3,146.46,145.07
DV_ENC,1999,4,146.99,146.72
DV_ENC,2000,1,148.85,148.99
DV_ENC,2000,2,152.18,150.89
DV_ENC,2000,3,154.25,152.73
DV_ENC,2000,4,154.56,154.28
DV_ENC,2001,1,156.15,156.37
DV_ENC,2001,2,159.49,158.10
DV_ENC,2001,3,161.32,159.69
DV_ENC,2001,4,161.93,161.62
DV_ENC,2002,1,163.08,163.41
DV_ENC,2002,2,166.40,164.89
DV_ENC,2002,3,168.52,166.78
DV_ENC,2002,4,169.16,168.81
DV_ENC,2003,1,170.19,170.69
DV_ENC,2003,2,173.98,172.33
DV_ENC,2003,3,176.28,174.37
DV_ENC,2003,4,176.96,176.61
DV_ENC,2004,1,177.80,178.49
DV_ENC,2004,2,182.20,180.35
DV_ENC,2004,3,184.44,182.34
DV_ENC,2004,4,184.41,184.12
DV_ENC,2005,1,184.83,185.72
DV_ENC,2005,2,189.59,187.52
DV_ENC,2005,3,191.24,188.93
DV_ENC,2005,4,190.51,190.33
DV_ENC,2006,1,189.86,190.96
DV_ENC,2006,2,193.58,191.28
DV_ENC,2006,3,193.23,190.78
DV_ENC,2006,4,190.18,190.05
DV_ENC,2007,1,189.29,190.66
DV_ENC,2007,2,191.35,188.92
DV_ENC,2007,3,189.11,186.57
DV_ENC,2007,4,183.32,183.15
DV_ENC,2008,1,178.56,180.22
DV_ENC,2008,2,178.62,176.22
DV_ENC,2008,3,175.57,173.04
DV_ENC,2008,4,168.81,168.51
DV_ENC,2009,1,167.47,169.49
DV_ENC,2009,2,169.44,167.08
DV_ENC,2009,3,168.18,165.49
DV_ENC,2009,4,165.15,164.73
DV_ENC,2010,1,161.11,163.49
DV_ENC,2010,2,164.81,162.42
DV_ENC,2010,3,163.12,160.22
DV_ENC,2010,4,160.05,159.66
DV_ENC,2011,1,153.22,155.82
DV_ENC,2011,2,156.66,154.29
DV_ENC,2011,3,158.54,155.41
DV_ENC,2011,4,155.47,155.32
DV_ENC,2012,1,152.75,155.45
DV_ENC,2012,2,159.99,157.42
DV_ENC,2012,3,161.87,158.50
DV_ENC,2012,4,159.39,159.51
DV_ENC,2013,1,159.51,162.24
DV_ENC,2013,2,167.69,164.86
DV_ENC,2013,3,170.58,167.05
DV_ENC,2013,4,168.01,168.33
DV_ENC,2014,1,167.41,170.06
DV_ENC,2014,2,174.21,171.20
DV_ENC,2014,3,176.76,173.30
DV_ENC,2014,4,174.77,175.16
DV_ENC,2015,1,174.27,176.77
DV_ENC,2015,2,182.08,178.90
DV_ENC,2015,3,183.22,179.88
DV_ENC,2015,4,181.83,182.28
DV_ENC,2016,1,181.73,183.98
DV_ENC,2016,2,189.78,186.54
DV_ENC,2016,3,192.88,189.56
DV_ENC,2016,4,191.67,192.24
DV_ENC,2017,1,192.99,195.00
DV_ENC,2017,2,200.53,197.15
DV_ENC,2017,3,203.31,200.05
DV_ENC,2017,4,202.44,203.11
DV_ENC,2018,1,205.24,207.03
DV_ENC,2018,2,212.96,209.41
DV_ENC,2018,3,215.39,212.14
DV_ENC,2018,4,214.05,214.77
DV_ENC,2019,1,215.83,217.55
DV_ENC,2019,2,224.07,220.20
DV_ENC,2019,3,226.54,223.32
DV_ENC,2019,4,225.90,226.78
DV_ENC,2020,1,229.46,231.19
DV_ENC,2020,2,236.78,232.43
DV_ENC,2020,3,244.99,241.65
DV_ENC,2020,4,250.71,252.04
DV_ENC,2021,1,257.48,259.32
DV_ENC,2021,2,274.19,268.71
DV_ENC,2021,3,282.48,278.71
DV_ENC,2021,4,286.17,288.27
DV_ENC,2022,1,296.90,298.80
DV_ENC,2022,2,313.56,306.83
DV_ENC,2022,3,313.39,309.29
DV_ENC,2022,4,309.03,311.78
DV_ESC,1991,1,100.00,100.00
DV_ESC,1991,2,100.50,100.37
DV_ESC,1991,3,100.88,100.68
DV_ESC,1991,4,101.84,101.86
DV_ESC,1992,1,103.27,103.28
DV_ESC,1992,2,103.47,103.32
DV_ESC,1992,3,105.13,104.90
DV_ESC,1992,4,105.90,105.92
DV_ESC,1993,1,106.61,106.65
DV_ESC,1993,2,108.22,108.05
DV_ESC,1993,3,109.77,109.50
DV_ESC,1993,4,110.88,110.91
DV_ESC,1994,1,112.69,112.79
DV_ESC,1994,2,114.55,114.33
DV_ESC,1994,3,115.87,115.54
DV_ESC,1994,4,116.63,116.70
DV_ESC,1995,1,117.88,118.02
DV_ESC,1995,2,119.43,119.15
DV_ESC,1995,3,120.99,120.62
DV_ESC,1995,4,122.12,122.23
DV_ESC,1996,1,122.78,122.95
DV_ESC,1996,2,124.82,124.47
DV_ESC,1996,3,126.39,126.01
DV_ESC,1996,4,126.83,126.98
DV_ESC,1997,1,128.05,128.23
DV_ESC,1997,2,129.39,128.98
DV_ESC,1997,3,130.21,129.84
DV_ESC,1997,4,130.39,130.57
DV_ESC,1998,1,131.85,132.03
DV_ESC,1998,2,134.13,133.67
DV_ESC,1998,3,135.24,134.88
DV_ESC,1998,4,136.55,136.74
DV_ESC,1999,1,138.14,138.33
DV_ESC,1999,2,139.91,139.40
DV_ESC,1999,3,141.15,140.81
DV_ESC,1999,4,141.83,141.99
DV_ESC,2000,1,143.09,143.30
DV_ESC,2000,2,144.97,144.46
DV_ESC,2000,3,145.64,145.28
DV_ESC,2000,4,145.78,145.90
DV_ESC,2001,1,146.71,146.98
DV_ESC,2001,2,148.66,148.15
DV_ESC,2001,3,149.51,149.09
DV_ESC,2001,4,150.55,150.65
DV_ESC,2002,1,151.16,151.50
DV_ESC,2002,2,152.81,152.30
DV_ESC,2002,3,154.32,153.82
DV_ESC,2002,4,155.56,155.67
DV_ESC,2003,1,156.76,157.18
DV_ESC,2003,2,159.14,158.59
DV_ESC,2003,3,161.18,160.58
DV_ESC,2003,4,161.84,162.00
DV_ESC,2004,1,163.28,163.80
DV_ESC,2004,2,166.53,165.87
DV_ESC,2004,3,169.19,168.49
DV_ESC,2004,4,170.15,170.37
DV_ESC,2005,1,172.72,173.42
DV_ESC,2005,2,176.50,175.66
DV_ESC,2005,3,179.88,179.03
DV_ESC,2005,4,182.78,183.14
DV_ESC,2006,1,185.94,186.88
DV_ESC,2006,2,190.49,189.39
DV_ESC,2006,3,192.60,191.57
DV_ESC,2006,4,193.47,193.90
DV_ESC,2007,1,195.24,196.53
DV_ESC,2007,2,199.22,197.88
DV_ESC,2007,3,198.52,197.27
DV_ESC,2007,4,196.75,197.24
DV_ESC,2008,1,194.20,195.84
DV_ESC,2008,2,195.71,194.22
DV_ESC,2008,3,193.13,191.71
DV_ESC,2008,4,189.05,189.49
DV_ESC,2009,1,186.53,188.45
DV_ESC,2009,2,189.25,187.64
DV_ESC,2009,3,187.87,186.27
DV_ESC,2009,4,186.56,187.04
DV_ESC,2010,1,181.66,183.80
DV_ESC,2010,2,184.26,182.58
DV_ESC,2010,3,182.60,180.92
DV_ESC,2010,4,178.85,179.36
DV_ESC,2011,1,174.45,176.63
DV_ESC,2011,2,177.16,175.40
DV_ESC,2011,3,178.75,177.08
DV_ESC,2011,4,176.40,177.01
DV_ESC,2012,1,175.09,177.22
DV_ESC,2012,2,181.21,179.32
DV_ESC,2012,3,181.05,179.45
DV_ESC,2012,4,180.71,181.44
DV_ESC,2013,1,181.43,183.48
DV_ESC,2013,2,187.43,185.44
DV_ESC,2013,3,187.82,186.29
DV_ESC,2013,4,186.21,187.06
DV_ESC,2014,1,186.52,188.37
DV_ESC,2014,2,191.81,189.80
DV_ESC,2014,3,192.51,191.08
DV_ESC,2014,4,192.12,193.04
DV_ESC,2015,1,193.94,195.62
DV_ESC,2015,2,199.23,197.25
DV_ESC,2015,3,200.53,199.18
DV_ESC,2015,4,200.82,201.73
DV_ESC,2016,1,202.46,204.00
DV_ESC,2016,2,208.11,206.18
DV_ESC,2016,3,210.64,209.31
DV_ESC,2016,4,210.92,211.78
DV_ESC,2017,1,212.74,214.18
DV_ESC,2017,2,219.48,217.63
DV_ESC,2017,3,222.38,221.02
DV_ESC,2017,4,222.41,223.24
DV_ESC,2018,1,225.67,227.11
DV_ESC,2018,2,231.57,229.77
DV_ESC,2018,3,234.12,232.69
DV_ESC,2018,4,235.71,236.59
DV_ESC,2019,1,237.86,239.25
DV_ESC,2019,2,244.77,242.94
DV_ESC,2019,3,247.58,246.01
DV_ESC,2019,4,249.03,250.07
DV_ESC,2020,1,254.03,255.40
DV_ESC,2020,2,260.08,258.12
DV_ESC,2020,3,269.03,267.25
DV_ESC,2020,4,276.39,277.79
DV_ESC,2021,1,285.51,286.90
DV_ESC,2021,2,303.28,300.98
DV_ESC,2021,3,318.20,316.00
DV_ESC,2021,4,328.86,330.80
DV_ESC,2022,1,344.00,345.57
DV_ESC,2022,2,360.70,357.88
DV_ESC,2022,3,365.59,362.92
DV_ESC,2022,4,363.11,365.48
DV_MA,1991,1,100.00,100.00
DV_MA,1991,2,99.70,99.36
DV_MA,1991,3,100.07,99.45
DV_MA,1991,4,100.69,100.33
DV_MA,1992,1,101.37,101.43
DV_MA,1992,2,101.19,100.82
DV_MA,1992,3,101.72,101.02
DV_MA,1992,4,102.42,102.07
DV_MA,1993,1,100.79,100.96
DV_MA,1993,2,102.30,101.87
DV_MA,1993,3,102.46,101.63
DV_MA,1993,4,102.38,102.10
DV_MA,1994,1,101.77,102.07
DV_MA,1994,2,102.55,102.04
DV_MA,1994,3,102.97,102.01
DV_MA,1994,4,101.52,101.32
DV_MA,1995,1,100.67,101.10
DV_MA,1995,2,102.08,101.47
DV_MA,1995,3,102.83,101.77
DV_MA,1995,4,101.61,101.47
DV_MA,1996,1,101.73,102.26
DV_MA,1996,2,102.92,102.23
DV_MA,1996,3,103.44,102.34
DV_MA,1996,4,102.43,102.33
DV_MA,1997,1,102.17,102.75
DV_MA,1997,2,103.99,103.26
DV_MA,1997,3,104.64,103.49
DV_MA,1997,4,104.49,104.39
DV_MA,1998,1,104.67,105.28
DV_MA,1998,2,107.46,106.71
DV_MA,1998,3,109.15,107.95
DV_MA,1998,4,109.59,109.46
DV_MA,1999,1,110.30,110.93
DV_MA,1999,2,113.66,112.91
DV_MA,1999,3,116.33,115.04
DV_MA,1999,4,117.09,116.90
DV_MA,2000,1,118.64,119.30
DV_MA,2000,2,122.19,121.44
DV_MA,2000,3,125.16,123.76
DV_MA,2000,4,126.90,126.65
DV_MA,2001,1,128.64,129.34
DV_MA,2001,2,132.89,132.14
DV_MA,2001,3,136.98,135.47
DV_MA,2001,4,138.86,138.52
DV_MA,2002,1,141.34,142.11
DV_MA,2002,2,146.86,146.06
DV_MA,2002,3,152.05,150.37
DV_MA,2002,4,155.03,154.63
DV_MA,2003,1,158.24,159.10
DV_MA,2003,2,163.39,162.50
DV_MA,2003,3,168.93,167.08
DV_MA,2003,4,171.97,171.53
DV_MA,2004,1,175.52,176.46
DV_MA,2004,2,182.78,181.71
DV_MA,2004,3,188.33,186.30
DV_MA,2004,4,192.85,192.43
DV_MA,2005,1,195.77,196.77
DV_MA,2005,2,202.57,201.28
DV_MA,2005,3,210.34,208.11
DV_MA,2005,4,212.03,211.68
DV_MA,2006,1,213.76,214.80
DV_MA,2006,2,217.65,216.15
DV_MA,2006,3,218.40,216.12
DV_MA,2006,4,216.81,216.56
DV_MA,2007,1,216.54,217.53
DV_MA,2007,2,220.41,218.84
DV_MA,2007,3,219.37,217.11
DV_MA,2007,4,216.57,216.33
DV_MA,2008,1,213.31,214.31
DV_MA,2008,2,212.45,210.91
DV_MA,2008,3,210.93,208.72
DV_MA,2008,4,205.07,204.84
DV_MA,2009,1,202.28,203.35
DV_MA,2009,2,202.47,200.96
DV_MA,2009,3,202.43,200.17
DV_MA,2009,4,201.09,200.86
DV_MA,2010,1,199.68,200.97
DV_MA,2010,2,200.78,199.21
DV_MA,2010,3,199.42,197.00
DV_MA,2010,4,197.36,197.17
DV_MA,2011,1,192.27,193.80
DV_MA,2011,2,194.28,192.59
DV_MA,2011,3,194.32,191.78
DV_MA,2011,4,189.77,189.65
DV_MA,2012,1,188.32,190.13
DV_MA,2012,2,192.54,190.63
DV_MA,2012,3,193.66,190.99
DV_MA,2012,4,191.90,191.85
DV_MA,2013,1,191.23,193.28
DV_MA,2013,2,197.22,195.07
DV_MA,2013,3,199.21,196.36
DV_MA,2013,4,196.86,196.87
DV_MA,2014,1,194.80,196.98
DV_MA,2014,2,200.75,198.47
DV_MA,2014,3,201.77,198.86
DV_MA,2014,4,200.44,200.48
DV_MA,2015,1,199.13,201.33
DV_MA,2015,2,204.85,202.53
DV_MA,2015,3,207.42,204.45
DV_MA,2015,4,205.27,205.31
DV_MA,2016,1,204.50,206.64
DV_MA,2016,2,211.85,209.51
DV_MA,2016,3,214.27,211.28
DV_MA,2016,4,213.52,213.61
DV_MA,2017,1,212.98,214.94
DV_MA,2017,2,220.35,217.99
DV_MA,2017,3,224.66,221.70
DV_MA,2017,4,223.55,223.64
DV_MA,2018,1,225.76,227.53
DV_MA,2018,2,231.89,229.43
DV_MA,2018,3,234.76,231.92
DV_MA,2018,4,234.02,234.14
DV_MA,2019,1,235.24,236.81
DV_MA,2019,2,241.22,238.51
DV_MA,2019,3,244.03,241.38
DV_MA,2019,4,245.20,245.44
DV_MA,2020,1,248.30,249.81
DV_MA,2020,2,253.60,250.40
DV_MA,2020,3,263.53,260.95
DV_MA,2020,4,272.80,273.37
DV_MA,2021,1,280.10,281.68
DV_MA,2021,2,296.93,292.68
DV_MA,2021,3,305.13,302.35
DV_MA,2021,4,311.00,312.05
DV_MA,2022,1,321.85,323.60
DV_MA,2022,2,339.45,334.12
DV_MA,2022,3,338.67,335.65
DV_MA,2022,4,336.75,338.33
DV_MT,1991,1,100.00,100.00
DV_MT,1991,2,101.29,100.67
DV_MT,1991,3,101.87,101.25
DV_MT,1991,4,103.71,103.20
DV_MT,1992,1,105.19,105.21
DV_MT,1992,2,106.76,106.09
DV_MT,1992,3,108.46,107.76
DV_MT,1992,4,110.66,110.14
DV_MT,1993,1,111.98,112.03
DV_MT,1993,2,115.29,114.55
DV_MT,1993,3,118.42,117.60
DV_MT,1993,4,121.16,120.64
DV_MT,1994,1,123.57,123.65
DV_MT,1994,2,127.55,126.71
DV_MT,1994,3,129.95,128.98
DV_MT,1994,4,131.43,130.95
DV_MT,1995,1,132.35,132.45
DV_MT,1995,2,135.09,134.16
DV_MT,1995,3,137.29,136.20
DV_MT,1995,4,137.79,137.39
DV_MT,1996,1,139.02,139.11
DV_MT,1996,2,141.52,140.52
DV_MT,1996,3,142.80,141.64
DV_MT,1996,4,142.94,142.62
DV_MT,1997,1,143.79,143.84
DV_MT,1997,2,145.97,144.90
DV_MT,1997,3,147.04,145.85
DV_MT,1997,4,147.31,147.06
DV_MT,1998,1,148.53,148.52
DV_MT,1998,2,151.40,150.26
DV_MT,1998,3,152.98,151.77
DV_MT,1998,4,154.14,153.92
DV_MT,1999,1,156.00,155.94
DV_MT,1999,2,159.08,157.85
DV_MT,1999,3,161.65,160.43
DV_MT,1999,4,162.76,162.52
DV_MT,2000,1,164.77,164.68
DV_MT,2000,2,168.14,166.83
DV_MT,2000,3,170.12,168.85
DV_MT,2000,4,171.62,171.36
DV_MT,2001,1,174.76,174.68
DV_MT,2001,2,178.25,176.88
DV_MT,2001,3,179.72,178.34
DV_MT,2001,4,180.82,180.54
DV_MT,2002,1,182.68,182.66
DV_MT,2002,2,186.08,184.65
DV_MT,2002,3,188.74,187.19
DV_MT,2002,4,190.72,190.45
DV_MT,2003,1,192.60,192.69
DV_MT,2003,2,196.87,195.32
DV_MT,2003,3,200.75,199.00
DV_MT,2003,4,203.64,203.39
DV_MT,2004,1,208.22,208.46
DV_MT,2004,2,217.13,215.32
DV_MT,2004,3,224.73,222.62
DV_MT,2004,4,229.66,229.48
DV_MT,2005,1,238.32,238.72
DV_MT,2005,2,252.14,249.89
DV_MT,2005,3,262.91,260.28
DV_MT,2005,4,270.35,270.37
DV_MT,2006,1,277.13,277.73
DV_MT,2006,2,284.61,281.88
DV_MT,2006,3,286.23,283.18
DV_MT,2006,4,288.41,288.65
DV_MT,2007,1,288.76,289.50
DV_MT,2007,2,292.56,289.58
DV_MT,2007,3,289.13,285.92
DV_MT,2007,4,278.10,278.42
DV_MT,2008,1,270.61,271.47
DV_MT,2008,2,264.48,261.70
DV_MT,2008,3,254.38,251.32
DV_MT,2008,4,239.07,239.39
DV_MT,2009,1,233.27,234.25
DV_MT,2009,2,229.71,227.20
DV_MT,2009,3,226.48,223.56
DV_MT,2009,4,221.47,221.79
DV_MT,2010,1,217.34,218.47
DV_MT,2010,2,217.08,214.65
DV_MT,2010,3,212.03,209.12
DV_MT,2010,4,205.01,205.30
DV_MT,2011,1,197.78,198.99
DV_MT,2011,2,197.56,195.20
DV_MT,2011,3,199.10,196.33
DV_MT,2011,4,197.29,197.54
DV_MT,2012,1,199.62,200.89
DV_MT,2012,2,212.14,209.52
DV_MT,2012,3,218.72,215.66
DV_MT,2012,4,220.63,220.97
DV_MT,2013,1,225.90,227.23
DV_MT,2013,2,237.98,234.95
DV_MT,2013,3,243.25,239.99
DV_MT,2013,4,243.88,244.33
DV_MT,2014,1,246.56,247.71
DV_MT,2014,2,253.73,250.43
DV_MT,2014,3,256.39,253.19
DV_MT,2014,4,257.60,258.14
DV_MT,2015,1,262.91,263.74
DV_MT,2015,2,271.54,267.94
DV_MT,2015,3,277.22,274.08
DV_MT,2015,4,277.89,278.42
DV_MT,2016,1,283.08,283.59
DV_MT,2016,2,292.75,288.90
DV_MT,2016,3,296.52,293.44
DV_MT,2016,4,299.69,300.22
DV_MT,2017,1,305.31,305.55
DV_MT,2017,2,315.93,311.80
DV_MT,2017,3,321.20,318.10
DV_MT,2017,4,325.50,325.96
DV_MT,2018,1,333.91,334.03
DV_MT,2018,2,344.92,340.34
DV_MT,2018,3,349.62,346.34
DV_MT,2018,4,351.58,352.21
DV_MT,2019,1,356.44,356.39
DV_MT,2019,2,368.51,363.30
DV_MT,2019,3,373.42,369.95
DV_MT,2019,4,376.99,378.05
DV_MT,2020,1,387.82,387.67
DV_MT,2020,2,395.96,389.95
DV_MT,2020,3,411.15,407.31
DV_MT,2020,4,427.85,429.86
DV_MT,2021,1,449.62,449.20
DV_MT,2021,2,486.42,478.50
DV_MT,2021,3,513.59,508.76
DV_MT,2021,4,527.45,530.63
DV_MT,2022,1,558.73,557.93
DV_MT,2022,2,589.52,579.29
DV_MT,2022,3,573.46,567.95
DV_MT,2022,4,559.20,563.19
DV_NE,1991,1,100.00,100.00
DV_NE,1991,2,98.68,98.55
DV_NE,1991,3,97.75,97.40
DV_NE,1991,4,97.63,97.36
DV_NE,1992,1,98.37,98.45
DV_NE,1992,2,96.35,96.19
DV_NE,1992,3,96.54,96.12
DV_NE,1992,4,97.17,96.93
DV_NE,1993,1,94.20,94.40
DV_NE,1993,2,95.45,95.23
DV_NE,1993,3,95.56,95.02
DV_NE,1993,4,95.24,95.09
DV_NE,1994,1,95.20,95.54
DV_NE,1994,2,95.99,95.67
DV_NE,1994,3,96.25,95.59
DV_NE,1994,4,95.54,95.45
DV_NE,1995,1,94.75,95.20
DV_NE,1995,2,96.31,95.89
DV_NE,1995,3,97.09,96.34
DV_NE,1995,4,96.50,96.46
DV_NE,1996,1,97.38,97.96
DV_NE,1996,2,98.64,98.10
DV_NE,1996,3,99.47,98.66
DV_NE,1996,4,98.90,98.87
DV_NE,1997,1,98.88,99.58
DV_NE,1997,2,101.30,100.68
DV_NE,1997,3,102.35,101.45
DV_NE,1997,4,103.26,103.25
DV_NE,1998,1,103.91,104.74
DV_NE,1998,2,107.52,106.81
DV_NE,1998,3,109.99,108.94
DV_NE,1998,4,111.40,111.41
DV_NE,1999,1,112.83,113.81
DV_NE,1999,2,117.44,116.66
DV_NE,1999,3,120.93,119.67
DV_NE,1999,4,122.47,122.51
DV_NE,2000,1,124.80,125.95
DV_NE,2000,2,131.03,130.17
DV_NE,2000,3,134.96,133.45
DV_NE,2000,4,137.82,137.86
DV_NE,2001,1,140.82,142.16
DV_NE,2001,2,147.25,146.33
DV_NE,2001,3,152.60,150.81
DV_NE,2001,4,154.29,154.34
DV_NE,2002,1,157.33,158.87
DV_NE,2002,2,165.32,164.32
DV_NE,2002,3,172.16,170.12
DV_NE,2002,4,175.02,175.08
DV_NE,2003,1,177.40,179.11
DV_NE,2003,2,184.16,183.02
DV_NE,2003,3,189.34,187.13
DV_NE,2003,4,193.60,193.75
DV_NE,2004,1,196.28,198.06
DV_NE,2004,2,205.20,203.81
DV_NE,2004,3,211.68,209.35
DV_NE,2004,4,213.77,214.09
DV_NE,2005,1,217.57,219.38
DV_NE,2005,2,224.78,223.04
DV_NE,2005,3,228.58,226.32
DV_NE,2005,4,227.30,227.76
DV_NE,2006,1,226.15,227.85
DV_NE,2006,2,228.51,226.57
DV_NE,2006,3,226.35,224.37
DV_NE,2006,4,222.69,223.13
DV_NE,2007,1,221.43,222.96
DV_NE,2007,2,224.35,222.39
DV_NE,2007,3,222.07,220.33
DV_NE,2007,4,217.01,217.29
DV_NE,2008,1,213.10,214.56
DV_NE,2008,2,211.52,209.72
DV_NE,2008,3,207.51,205.96
DV_NE,2008,4,202.78,202.75
DV_NE,2009,1,203.04,204.61
DV_NE,2009,2,202.53,200.86
DV_NE,2009,3,200.79,199.27
DV_NE,2009,4,198.96,198.67
DV_NE,2010,1,195.46,197.30
DV_NE,2010,2,197.71,196.04
DV_NE,2010,3,196.96,195.24
DV_NE,2010,4,194.45,194.06
DV_NE,2011,1,189.26,191.35
DV_NE,2011,2,192.07,190.38
DV_NE,2011,3,191.26,189.18
DV_NE,2011,4,190.07,189.86
DV_NE,2012,1,186.10,188.35
DV_NE,2012,2,189.96,188.21
DV_NE,2012,3,191.31,188.81
DV_NE,2012,4,190.43,190.61
DV_NE,2013,1,190.44,192.79
DV_NE,2013,2,196.77,194.75
DV_NE,2013,3,199.12,196.21
DV_NE,2013,4,195.81,196.40
DV_NE,2014,1,195.96,198.31
DV_NE,2014,2,202.05,199.75
DV_NE,2014,3,204.05,201.02
DV_NE,2014,4,200.41,201.31
DV_NE,2015,1,201.19,203.51
DV_NE,2015,2,209.03,206.42
DV_NE,2015,3,210.03,207.03
DV_NE,2015,4,207.61,208.66
DV_NE,2016,1,207.91,210.17
DV_NE,2016,2,215.16,212.39
DV_NE,2016,3,217.75,214.80
DV_NE,2016,4,217.05,218.14
DV_NE,2017,1,218.47,220.64
DV_NE,2017,2,226.62,223.72
DV_NE,2017,3,229.87,226.96
DV_NE,2017,4,228.67,229.72
DV_NE,2018,1,230.31,232.34
DV_NE,2018,2,238.17,235.21
DV_NE,2018,3,240.56,237.76
DV_NE,2018,4,239.68,240.65
DV_NE,2019,1,241.36,243.34
DV_NE,2019,2,248.57,245.42
DV_NE,2019,3,251.41,248.67
DV_NE,2019,4,251.19,252.27
DV_NE,2020,1,255.30,257.34
DV_NE,2020,2,261.07,257.38
DV_NE,2020,3,272.73,269.93
DV_NE,2020,4,283.39,285.02
DV_NE,2021,1,293.10,295.47
DV_NE,2021,2,314.47,309.31
DV_NE,2021,3,325.26,321.98
DV_NE,2021,4,329.70,332.39
DV_NE,2022,1,341.95,344.64
DV_NE,2022,2,363.96,357.17
DV_NE,2022,3,360.39,356.80
DV_NE,2022,4,355.20,358.77
DV_PAC,1991,1,100.00,100.00
DV_PAC,1991,2,100.21,99.58
DV_PAC,1991,3,100.37,99.54
DV_PAC,1991,4,100.81,100.26
DV_PAC,1992,1,100.76,100.76
DV_PAC,1992,2,100.31,99.67
DV_PAC,1992,3,100.74,99.88
DV_PAC,1992,4,99.66,99.16
DV_PAC,1993,1,98.05,98.04
DV_PAC,1993,2,98.22,97.59
DV_PAC,1993,3,97.63,96.75
DV_PAC,1993,4,97.11,96.69
DV_PAC,1994,1,96.28,96.26
DV_PAC,1994,2,96.84,96.19
DV_PAC,1994,3,96.87,95.96
DV_PAC,1994,4,95.92,95.60
DV_PAC,1995,1,95.70,95.66
DV_PAC,1995,2,95.79,95.09
DV_PAC,1995,3,96.20,95.28
DV_PAC,1995,4,95.34,95.11
DV_PAC,1996,1,95.31,95.25
DV_PAC,1996,2,95.92,95.15
DV_PAC,1996,3,96.33,95.42
DV_PAC,1996,4,96.20,96.06
DV_PAC,1997,1,96.08,95.98
DV_PAC,1997,2,98.25,97.39
DV_PAC,1997,3,99.62,98.71
DV_PAC,1997,4,100.29,100.19
DV_PAC,1998,1,102.37,102.24
DV_PAC,1998,2,105.89,104.91
DV_PAC,1998,3,107.74,106.80
DV_PAC,1998,4,109.08,108.99
DV_PAC,1999,1,111.42,111.28
DV_PAC,1999,2,114.55,113.46
DV_PAC,1999,3,116.63,115.63
DV_PAC,1999,4,118.49,118.38
DV_PAC,2000,1,121.73,121.59
DV_PAC,2000,2,125.53,124.35
DV_PAC,2000,3,128.67,127.54
DV_PAC,2000,4,131.93,131.77
DV_PAC,2001,1,135.76,135.65
DV_PAC,2001,2,139.97,138.70
DV_PAC,2001,3,142.64,141.28
DV_PAC,2001,4,144.70,144.49
DV_PAC,2002,1,148.50,148.48
DV_PAC,2002,2,155.11,153.78
DV_PAC,2002,3,161.04,159.35
DV_PAC,2002,4,164.90,164.65
DV_PAC,2003,1,169.69,169.81
DV_PAC,2003,2,176.43,174.93
DV_PAC,2003,3,183.25,181.14
DV_PAC,2003,4,190.46,190.21
DV_PAC,2004,1,198.52,198.82
DV_PAC,2004,2,211.24,209.39
DV_PAC,2004,3,224.10,221.37
DV_PAC,2004,4,232.08,231.81
DV_PAC,2005,1,242.09,242.63
DV_PAC,2005,2,257.03,254.69
DV_PAC,2005,3,269.99,266.58
DV_PAC,2005,4,274.29,274.01
DV_PAC,2006,1,278.14,278.94
DV_PAC,2006,2,282.31,279.68
DV_PAC,2006,3,280.69,277.04
DV_PAC,2006,4,274.93,274.57
DV_PAC,2007,1,274.86,275.88
DV_PAC,2007,2,274.30,271.66
DV_PAC,2007,3,264.42,260.93
DV_PAC,2007,4,247.39,246.95
DV_PAC,2008,1,229.75,230.80
DV_PAC,2008,2,216.81,214.71
DV_PAC,2008,3,205.53,202.75
DV_PAC,2008,4,193.49,193.00
DV_PAC,2009,1,186.28,187.34
DV_PAC,2009,2,185.24,183.43
DV_PAC,2009,3,187.21,184.60
DV_PAC,2009,4,186.98,186.44
DV_PAC,2010,1,184.22,185.42
DV_PAC,2010,2,186.59,184.71
DV_PAC,2010,3,183.17,180.50
DV_PAC,2010,4,177.37,176.91
DV_PAC,2011,1,170.97,172.20
DV_PAC,2011,2,170.60,168.75
DV_PAC,2011,3,170.84,168.35
DV_PAC,2011,4,168.42,168.15
DV_PAC,2012,1,168.37,169.56
DV_PAC,2012,2,176.24,174.16
DV_PAC,2012,3,180.81,178.19
DV_PAC,2012,4,185.15,185.05
DV_PAC,2013,1,191.81,193.05
DV_PAC,2013,2,204.36,201.76
DV_PAC,2013,3,212.17,209.24
DV_PAC,2013,4,212.77,212.88
DV_PAC,2014,1,215.86,217.02
DV_PAC,2014,2,223.39,220.38
DV_PAC,2014,3,227.20,224.25
DV_PAC,2014,4,227.88,228.17
DV_PAC,2015,1,231.83,232.74
DV_PAC,2015,2,239.95,236.61
DV_PAC,2015,3,243.79,240.86
DV_PAC,2015,4,246.09,246.51
DV_PAC,2016,1,250.21,250.82
DV_PAC,2016,2,258.78,255.19
DV_PAC,2016,3,262.54,259.61
DV_PAC,2016,4,264.73,265.28
DV_PAC,2017,1,269.73,269.97
DV_PAC,2017,2,280.16,276.32
DV_PAC,2017,3,285.00,282.07
DV_PAC,2017,4,286.58,287.20
DV_PAC,2018,1,293.42,293.40
DV_PAC,2018,2,300.73,296.53
DV_PAC,2018,3,303.47,300.56
DV_PAC,2018,4,302.16,303.02
DV_PAC,2019,1,305.27,304.90
DV_PAC,2019,2,313.72,309.12
DV_PAC,2019,3,316.48,313.73
DV_PAC,2019,4,317.45,318.66
DV_PAC,2020,1,325.23,324.59
DV_PAC,2020,2,331.59,326.27
DV_PAC,2020,3,342.30,339.65
DV_PAC,2020,4,355.28,357.14
DV_PAC,2021,1,372.13,371.03
DV_PAC,2021,2,398.59,391.67
DV_PAC,2021,3,413.52,410.70
DV_PAC,2021,4,424.22,426.87
DV_PAC,2022,1,446.42,444.88
DV_PAC,2022,2,462.20,453.55
DV_PAC,2022,3,447.81,444.96
DV_PAC,2022,4,436.26,439.43
DV_SA,1991,1,100.00,100.00
DV_SA,1991,2,100.37,99.97
DV_SA,1991,3,100.21,99.75
DV_SA,1991,4,101.26,100.79
DV_SA,1992,1,101.74,101.74
DV_SA,1992,2,101.73,101.34
DV_SA,1992,3,102.94,102.45
DV_SA,1992,4,103.35,102.90
DV_SA,1993,1,102.95,102.92
DV_SA,1993,2,104.33,103.95
DV_SA,1993,3,105.22,104.65
DV_SA,1993,4,105.74,105.34
DV_SA,1994,1,106.31,106.24
DV_SA,1994,2,107.66,107.28
DV_SA,1994,3,108.75,108.11
DV_SA,1994,4,109.29,108.97
DV_SA,1995,1,109.79,109.68
DV_SA,1995,2,110.52,110.10
DV_SA,1995,3,111.87,111.19
DV_SA,1995,4,112.00,111.75
DV_SA,1996,1,112.99,112.84
DV_SA,1996,2,113.94,113.48
DV_SA,1996,3,115.01,114.32
DV_SA,1996,4,115.06,114.86
DV_SA,1997,1,115.97,115.80
DV_SA,1997,2,117.10,116.56
DV_SA,1997,3,117.74,117.05
DV_SA,1997,4,118.69,118.53
DV_SA,1998,1,119.79,119.63
DV_SA,1998,2,121.64,121.02
DV_SA,1998,3,122.95,122.24
DV_SA,1998,4,124.03,123.87
DV_SA,1999,1,125.85,125.72
DV_SA,1999,2,128.07,127.36
DV_SA,1999,3,129.78,129.03
DV_SA,1999,4,131.09,130.93
DV_SA,2000,1,132.88,132.79
DV_SA,2000,2,135.86,135.08
DV_SA,2000,3,137.99,137.15
DV_SA,2000,4,139.45,139.29
DV_SA,2001,1,142.03,141.99
DV_SA,2001,2,145.24,144.40
DV_SA,2001,3,148.04,147.07
DV_SA,2001,4,149.67,149.50
DV_SA,2002,1,152.33,152.34
DV_SA,2002,2,156.03,155.14
DV_SA,2002,3,159.23,158.13
DV_SA,2002,4,161.79,161.60
DV_SA,2003,1,164.57,164.64
DV_SA,2003,2,168.90,167.92
DV_SA,2003,3,172.62,171.39
DV_SA,2003,4,175.61,175.38
DV_SA,2004,1,179.88,180.03
DV_SA,2004,2,186.64,185.51
DV_SA,2004,3,193.08,191.67
DV_SA,2004,4,198.22,197.97
DV_SA,2005,1,204.77,205.03
DV_SA,2005,2,214.28,212.86
DV_SA,2005,3,222.51,220.85
DV_SA,2005,4,227.64,227.45
DV_SA,2006,1,231.61,232.01
DV_SA,2006,2,236.11,234.42
DV_SA,2006,3,237.35,235.44
DV_SA,2006,4,238.12,238.06
DV_SA,2007,1,238.44,239.03
DV_SA,2007,2,240.26,238.34
DV_SA,2007,3,236.22,234.18
DV_SA,2007,4,229.29,229.34
DV_SA,2008,1,221.69,222.49
DV_SA,2008,2,215.93,214.05
DV_SA,2008,3,207.62,205.63
DV_SA,2008,4,196.57,196.61
DV_SA,2009,1,194.37,195.38
DV_SA,2009,2,193.72,191.88
DV_SA,2009,3,192.80,190.76
DV_SA,2009,4,188.59,188.66
DV_SA,2010,1,184.80,186.03
DV_SA,2010,2,186.74,184.84
DV_SA,2010,3,182.37,180.24
DV_SA,2010,4,178.29,178.36
DV_SA,2011,1,171.78,173.15
DV_SA,2011,2,173.57,171.62
DV_SA,2011,3,174.84,172.74
DV_SA,2011,4,173.68,173.78
DV_SA,2012,1,172.80,174.26
DV_SA,2012,2,179.47,177.32
DV_SA,2012,3,181.84,179.63
DV_SA,2012,4,181.88,182.05
DV_SA,2013,1,184.82,186.36
DV_SA,2013,2,192.39,189.94
DV_SA,2013,3,195.48,193.18
DV_SA,2013,4,194.91,195.20
DV_SA,2014,1,196.18,197.65
DV_SA,2014,2,202.21,199.58
DV_SA,2014,3,203.68,201.38
DV_SA,2014,4,204.21,204.62
DV_SA,2015,1,206.80,208.12
DV_SA,2015,2,213.66,210.85
DV_SA,2015,3,216.19,213.90
DV_SA,2015,4,217.11,217.60
DV_SA,2016,1,219.40,220.52
DV_SA,2016,2,227.19,224.26
DV_SA,2016,3,230.24,227.95
DV_SA,2016,4,231.31,231.83
DV_SA,2017,1,233.42,234.30
DV_SA,2017,2,241.90,238.88
DV_SA,2017,3,244.65,242.37
DV_SA,2017,4,245.58,246.11
DV_SA,2018,1,250.43,251.09
DV_SA,2018,2,257.72,254.64
DV_SA,2018,3,260.73,258.41
DV_SA,2018,4,260.24,260.86
DV_SA,2019,1,263.90,264.33
DV_SA,2019,2,271.27,268.06
DV_SA,2019,3,273.71,271.37
DV_SA,2019,4,276.15,276.93
DV_SA,2020,1,281.99,282.28
DV_SA,2020,2,287.78,284.28
DV_SA,2020,3,296.91,294.44
DV_SA,2020,4,306.94,308.01
DV_SA,2021,1,319.32,319.53
DV_SA,2021,2,338.83,334.54
DV_SA,2021,3,357.09,354.17
DV_SA,2021,4,370.16,371.63
DV_SA,2022,1,392.02,392.25
DV_SA,2022,2,416.83,411.32
DV_SA,2022,3,417.76,414.31
DV_SA,2022,4,415.72,417.61
DV_WNC,1991,1,100.00,100.00
DV_WNC,1991,2,100.64,100.07
DV_WNC,1991,3,101.14,100.32
DV_WNC,1991,4,101.65,101.41
DV_WNC,1992,1,102.75,102.76
DV_WNC,1992,2,104.09,103.51
DV_WNC,1992,3,105.54,104.67
DV_WNC,1992,4,105.95,105.69
DV_WNC,1993,1,106.79,106.83
DV_WNC,1993,2,109.09,108.46
DV_WNC,1993,3,111.19,110.23
DV_WNC,1993,4,112.47,112.22
DV_WNC,1994,1,113.71,113.77
DV_WNC,1994,2,115.68,115.01
DV_WNC,1994,3,117.16,116.12
DV_WNC,1994,4,117.34,117.10
DV_WNC,1995,1,118.16,118.25
DV_WNC,1995,2,120.45,119.73
DV_WNC,1995,3,122.30,121.18
DV_WNC,1995,4,122.93,122.71
DV_WNC,1996,1,123.66,123.77
DV_WNC,1996,2,126.15,125.37
DV_WNC,1996,3,127.55,126.37
DV_WNC,1996,4,127.78,127.59
DV_WNC,1997,1,128.51,128.64
DV_WNC,1997,2,130.46,129.61
DV_WNC,1997,3,132.11,130.89
DV_WNC,1997,4,132.34,132.16
DV_WNC,1998,1,134.05,134.20
DV_WNC,1998,2,136.54,135.59
DV_WNC,1998,3,138.88,137.59
DV_WNC,1998,4,140.93,140.77
DV_WNC,1999,1,142.46,142.64
DV_WNC,1999,2,145.98,144.91
DV_WNC,1999,3,148.21,146.83
DV_WNC,1999,4,148.65,148.50
DV_WNC,2000,1,150.95,151.18
DV_WNC,2000,2,154.89,153.70
DV_WNC,2000,3,157.23,155.75
DV_WNC,2000,4,158.09,157.96
DV_WNC,2001,1,160.06,160.35
DV_WNC,2001,2,164.53,163.23
DV_WNC,2001,3,166.95,165.35
DV_WNC,2001,4,167.78,167.65
DV_WNC,2002,1,169.10,169.45
DV_WNC,2002,2,173.36,171.94
DV_WNC,2002,3,176.00,174.28
DV_WNC,2002,4,177.10,176.97
DV_WNC,2003,1,179.08,179.50
DV_WNC,2003,2,182.74,181.22
DV_WNC,2003,3,185.96,184.08
DV_WNC,2003,4,186.91,186.82
DV_WNC,2004,1,188.89,189.39
DV_WNC,2004,2,193.29,191.64
DV_WNC,2004,3,196.28,194.18
DV_WNC,2004,4,197.05,197.05
DV_WNC,2005,1,198.21,198.82
DV_WNC,2005,2,203.75,201.92
DV_WNC,2005,3,206.21,203.87
DV_WNC,2005,4,206.50,206.61
DV_WNC,2006,1,207.70,208.49
DV_WNC,2006,2,211.46,209.44
DV_WNC,2006,3,212.65,210.11
DV_WNC,2006,4,210.56,210.72
DV_WNC,2007,1,211.46,212.53
DV_WNC,2007,2,214.41,212.18
DV_WNC,2007,3,214.29,211.61
DV_WNC,2007,4,208.89,209.01
DV_WNC,2008,1,205.14,206.51
DV_WNC,2008,2,206.73,204.46
DV_WNC,2008,3,204.67,201.95
DV_WNC,2008,4,199.30,199.31
DV_WNC,2009,1,198.33,200.05
DV_WNC,2009,2,200.91,198.57
DV_WNC,2009,3,200.48,197.65
DV_WNC,2009,4,198.42,198.33
DV_WNC,2010,1,193.47,195.46
DV_WNC,2010,2,199.49,197.10
DV_WNC,2010,3,196.11,193.15
DV_WNC,2010,4,191.71,191.56
DV_WNC,2011,1,185.07,187.19
DV_WNC,2011,2,189.09,186.71
DV_WNC,2011,3,191.26,188.21
DV_WNC,2011,4,189.23,189.09
DV_WNC,2012,1,187.81,190.04
DV_WNC,2012,2,194.19,191.68
DV_WNC,2012,3,196.97,193.72
DV_WNC,2012,4,196.08,196.03
DV_WNC,2013,1,195.82,198.10
DV_WNC,2013,2,203.07,200.36
DV_WNC,2013,3,206.44,203.05
DV_WNC,2013,4,203.58,203.69
DV_WNC,2014,1,204.02,206.23
DV_WNC,2014,2,211.03,208.12
DV_WNC,2014,3,212.87,209.46
DV_WNC,2014,4,211.49,211.78
DV_WNC,2015,1,210.90,212.93
DV_WNC,2015,2,219.07,215.92
DV_WNC,2015,3,221.52,218.14
DV_WNC,2015,4,220.71,221.14
DV_WNC,2016,1,222.35,224.22
DV_WNC,2016,2,229.13,225.77
DV_WNC,2016,3,232.67,229.31
DV_WNC,2016,4,231.58,232.14
DV_WNC,2017,1,233.18,234.82
DV_WNC,2017,2,242.26,238.72
DV_WNC,2017,3,244.39,241.05
DV_WNC,2017,4,243.47,244.12
DV_WNC,2018,1,247.20,248.73
DV_WNC,2018,2,255.21,251.44
DV_WNC,2018,3,258.21,254.82
DV_WNC,2018,4,256.99,257.81
DV_WNC,2019,1,259.66,261.07
DV_WNC,2019,2,267.02,262.91
DV_WNC,2019,3,270.05,266.63
DV_WNC,2019,4,270.23,271.31
DV_WNC,2020,1,273.53,274.95
DV_WNC,2020,2,282.02,277.31
DV_WNC,2020,3,290.98,287.42
DV_WNC,2020,4,297.05,298.59
DV_WNC,2021,1,305.64,307.16
DV_WNC,2021,2,324.57,318.73
DV_WNC,2021,3,333.76,329.77
DV_WNC,2021,4,337.87,339.99
DV_WNC,2022,1,350.20,351.94
DV_WNC,2022,2,369.34,362.19
DV_WNC,2022,3,368.99,364.64
DV_WNC,2022,4,364.06,366.70
DV_WSC,1991,1,100.00,100.00
DV_WSC,1991,2,100.94,100.37
DV_WSC,1991,3,101.69,100.97
DV_WSC,1991,4,101.69,101.18
DV_WSC,1992,1,102.73,102.73
DV_WSC,1992,2,103.30,102.71
DV_WSC,1992,3,104.51,103.78
DV_WSC,1992,4,105.43,104.92
DV_WSC,1993,1,105.64,105.64
DV_WSC,1993,2,107.59,106.97
DV_WSC,1993,3,109.17,108.40
DV_WSC,1993,4,110.28,109.78
DV_WSC,1994,1,111.28,111.28
DV_WSC,1994,2,112.83,112.15
DV_WSC,1994,3,113.52,112.70
DV_WSC,1994,4,113.75,113.28
DV_WSC,1995,1,113.81,113.79
DV_WSC,1995,2,115.46,114.74
DV_WSC,1995,3,116.73,115.87
DV_WSC,1995,4,117.08,116.65
DV_WSC,1996,1,117.55,117.52
DV_WSC,1996,2,119.05,118.27
DV_WSC,1996,3,119.73,118.83
DV_WSC,1996,4,119.71,119.34
DV_WSC,1997,1,120.30,120.25
DV_WSC,1997,2,121.80,120.98
DV_WSC,1997,3,122.56,121.63
DV_WSC,1997,4,123.35,123.02
DV_WSC,1998,1,124.75,124.69
DV_WSC,1998,2,126.97,126.07
DV_WSC,1998,3,128.99,128.00
DV_WSC,1998,4,130.19,129.87
DV_WSC,1999,1,131.48,131.42
DV_WSC,1999,2,134.23,133.26
DV_WSC,1999,3,136.10,135.05
DV_WSC,1999,4,137.16,136.85
DV_WSC,2000,1,139.05,139.01
DV_WSC,2000,2,142.02,140.96
DV_WSC,2000,3,143.87,142.75
DV_WSC,2000,4,144.74,144.42
DV_WSC,2001,1,146.19,146.17
DV_WSC,2001,2,148.84,147.70
DV_WSC,2001,3,150.16,148.98
DV_WSC,2001,4,150.53,150.20
DV_WSC,2002,1,151.30,151.32
DV_WSC,2002,2,154.17,152.96
DV_WSC,2002,3,155.24,154.01
DV_WSC,2002,4,156.01,155.67
DV_WSC,2003,1,156.75,156.79
DV_WSC,2003,2,159.01,157.72
DV_WSC,2003,3,160.54,159.26
DV_WSC,2003,4,160.89,160.56
DV_WSC,2004,1,162.21,162.28
DV_WSC,2004,2,165.59,164.22
DV_WSC,2004,3,166.91,165.55
DV_WSC,2004,4,167.94,167.63
DV_WSC,2005,1,169.64,169.76
DV_WSC,2005,2,173.83,172.35
DV_WSC,2005,3,176.66,175.16
DV_WSC,2005,4,179.29,179.02
DV_WSC,2006,1,181.98,182.19
DV_WSC,2006,2,186.17,184.48
DV_WSC,2006,3,188.60,186.93
DV_WSC,2006,4,190.19,189.97
DV_WSC,2007,1,192.41,192.78
DV_WSC,2007,2,195.95,194.00
DV_WSC,2007,3,197.34,195.50
DV_WSC,2007,4,196.16,196.04
DV_WSC,2008,1,194.53,195.10
DV_WSC,2008,2,196.68,194.52
DV_WSC,2008,3,196.43,194.52
DV_WSC,2008,4,192.16,192.11
DV_WSC,2009,1,191.84,192.64
DV_WSC,2009,2,194.97,192.60
DV_WSC,2009,3,194.45,192.49
DV_WSC,2009,4,193.65,193.70
DV_WSC,2010,1,191.65,192.60
DV_WSC,2010,2,195.73,193.15
DV_WSC,2010,3,193.97,192.02
DV_WSC,2010,4,189.19,189.31
DV_WSC,2011,1,187.01,187.98
DV_WSC,2011,2,191.60,188.94
DV_WSC,2011,3,190.63,188.69
DV_WSC,2011,4,190.46,190.67
DV_WSC,2012,1,190.87,191.79
DV_WSC,2012,2,196.93,194.16
DV_WSC,2012,3,199.25,197.27
DV_WSC,2012,4,199.39,199.70
DV_WSC,2013,1,202.01,202.83
DV_WSC,2013,2,208.41,205.53
DV_WSC,2013,3,209.28,207.15
DV_WSC,2013,4,209.91,210.38
DV_WSC,2014,1,213.40,214.06
DV_WSC,2014,2,217.98,215.04
DV_WSC,2014,3,221.36,219.13
DV_WSC,2014,4,221.48,222.06
DV_WSC,2015,1,225.22,225.74
DV_WSC,2015,2,231.70,228.66
DV_WSC,2015,3,234.28,231.91
DV_WSC,2015,4,234.11,234.82
DV_WSC,2016,1,237.21,237.60
DV_WSC,2016,2,243.94,240.79
DV_WSC,2016,3,246.79,244.36
DV_WSC,2016,4,246.63,247.36
DV_WSC,2017,1,250.44,250.70
DV_WSC,2017,2,258.65,255.39
DV_WSC,2017,3,260.83,258.35
DV_WSC,2017,4,261.50,262.23
DV_WSC,2018,1,264.97,265.11
DV_WSC,2018,2,271.28,267.88
DV_WSC,2018,3,273.17,270.68
DV_WSC,2018,4,273.16,273.90
DV_WSC,2019,1,276.86,276.93
DV_WSC,2019,2,282.76,279.14
DV_WSC,2019,3,284.71,282.16
DV_WSC,2019,4,285.30,286.21
DV_WSC,2020,1,290.15,290.18
DV_WSC,2020,2,296.81,292.82
DV_WSC,2020,3,303.72,301.01
DV_WSC,2020,4,311.22,312.50
DV_WSC,2021,1,322.99,323.02
DV_WSC,2021,2,341.88,336.97
DV_WSC,2021,3,357.39,354.18
DV_WSC,2021,4,367.47,369.35
DV_WSC,2022,1,383.06,383.13
DV_WSC,2022,2,405.79,399.61
DV_WSC,2022,3,404.97,401.23
DV_WSC,2022,4,401.52,403.87
USA,1991,1,100.00,100.00
USA,1991,2,100.51,100.00
USA,1991,3,100.82,100.18
USA,1991,4,101.47,101.07
USA,1992,1,102.26,102.27
USA,1992,2,102.66,102.13
USA,1992,3,103.66,102.98
USA,1992,4,104.18,103.80
USA,1993,1,103.80,103.84
USA,1993,2,105.43,104.87
USA,1993,3,106.42,105.67
USA,1993,4,107.01,106.67
USA,1994,1,107.57,107.64
USA,1994,2,109.13,108.52
USA,1994,3,110.00,109.17
USA,1994,4,110.02,109.73
USA,1995,1,110.29,110.38
USA,1995,2,111.72,111.04
USA,1995,3,112.96,112.07
USA,1995,4,112.95,112.71
USA,1996,1,113.60,113.69
USA,1996,2,115.19,114.45
USA,1996,3,116.09,115.17
USA,1996,4,116.03,115.83
USA,1997,1,116.47,116.57
USA,1997,2,118.33,117.52
USA,1997,3,119.32,118.36
USA,1997,4,119.82,119.65
USA,1998,1,121.04,121.14
USA,1998,2,123.69,122.82
USA,1998,3,125.43,124.42
USA,1998,4,126.61,126.45
USA,1999,1,128.19,128.30
USA,1999,2,131.16,130.22
USA,1999,3,133.30,132.22
USA,1999,4,134.37,134.20
USA,2000,1,136.43,136.57
USA,2000,2,139.88,138.86
USA,2000,3,142.24,141.05
USA,2000,4,143.70,143.50
USA,2001,1,145.97,146.15
USA,2001,2,149.61,148.53
USA,2001,3,152.10,150.79
USA,2001,4,153.38,153.15
USA,2002,1,155.44,155.69
USA,2002,2,159.70,158.55
USA,2002,3,163.07,161.59
USA,2002,4,165.08,164.83
USA,2003,1,167.39,167.74
USA,2003,2,171.70,170.43
USA,2003,3,175.43,173.79
USA,2003,4,177.97,177.71
USA,2004,1,181.22,181.67
USA,2004,2,187.70,186.25
USA,2004,3,192.91,191.04
USA,2004,4,196.00,195.78
USA,2005,1,200.04,200.63
USA,2005,2,207.66,205.94
USA,2005,3,213.50,211.37
USA,2005,4,215.98,215.83
USA,2006,1,218.28,219.02
USA,2006,2,222.54,220.55
USA,2006,3,223.22,220.90
USA,2006,4,222.02,221.93
USA,2007,1,222.35,223.28
USA,2007,2,224.86,222.70
USA,2007,3,222.26,219.86
USA,2007,4,215.94,215.86
USA,2008,1,209.77,210.88
USA,2008,2,207.09,204.98
USA,2008,3,202.12,199.81
USA,2008,4,194.09,193.96
USA,2009,1,191.49,192.80
USA,2009,2,192.15,190.09
USA,2009,3,191.54,189.18
USA,2009,4,189.23,189.07
USA,2010,1,185.81,187.33
USA,2010,2,188.55,186.42
USA,2010,3,185.80,183.33
USA,2010,4,181.65,181.51
USA,2011,1,175.88,177.52
USA,2011,2,178.16,176.01
USA,2011,3,179.05,176.54
USA,2011,4,176.94,176.90
USA,2012,1,175.94,177.65
USA,2012,2,182.81,180.47
USA,2012,3,185.37,182.70
USA,2012,4,185.35,185.45
USA,2013,1,187.50,189.26
USA,2013,2,195.69,193.06
USA,2013,3,198.95,196.11
USA,2013,4,197.80,198.05
USA,2014,1,198.76,200.44
USA,2014,2,205.08,202.24
USA,2014,3,207.31,204.45
USA,2014,4,206.76,207.12
USA,2015,1,208.43,209.96
USA,2015,2,215.65,212.62
USA,2015,3,218.11,215.25
USA,2015,4,217.94,218.36
USA,2016,1,219.74,221.07
USA,2016,2,227.41,224.25
USA,2016,3,230.50,227.63
USA,2016,4,230.73,231.20
USA,2017,1,233.07,234.17
USA,2017,2,241.53,238.24
USA,2017,3,244.80,241.93
USA,2017,4,245.08,245.57
USA,2018,1,249.19,250.10
USA,2018,2,256.57,253.11
USA,2018,3,259.34,256.45
USA,2018,4,258.83,259.39
USA,2019,1,261.60,262.34
USA,2019,2,269.22,265.49
USA,2019,3,271.94,269.06
USA,2019,4,272.94,273.68
USA,2020,1,278.11,278.77
USA,2020,2,284.73,280.52
USA,2020,3,294.20,291.20
USA,2020,4,303.31,304.48
USA,2021,1,314.41,315.02
USA,2021,2,334.83,329.50
USA,2021,3,348.55,345.08
USA,2021,4,357.11,358.91
USA,2022,1,373.69,374.30
USA,2022,2,394.09,387.37
USA,2022,3,391.67,387.78
USA,2022,4,386.75,389.08
